date,dayOfWeek,dayOfWeekNumber,steps
5/1/2013,Wednesday,4,5365
5/2/2013,Thursday,5,5640
5/3/2013,Friday,6,9308
5/4/2013,Saturday,7,6196
5/5/2013,Sunday,1,9500
5/6/2013,Monday,2,10665
5/7/2013,Tuesday,3,5055
5/8/2013,Wednesday,4,13791
5/9/2013,Thursday,5,7041
5/10/2013,Friday,6,12723
5/11/2013,Saturday,7,4730
5/12/2013,Sunday,1,9456
5/13/2013,Monday,2,7096
5/14/2013,Tuesday,3,6963
5/15/2013,Wednesday,4,8493
5/16/2013,Thursday,5,7677
5/17/2013,Friday,6,8180
5/18/2013,Saturday,7,8605
5/19/2013,Sunday,1,5275
5/20/2013,Monday,2,5924
5/21/2013,Tuesday,3,5329
5/22/2013,Wednesday,4,7471
5/23/2013,Thursday,5,7243
5/24/2013,Friday,6,8366
5/25/2013,Saturday,7,309
5/26/2013,Sunday,1,
5/27/2013,Monday,2,
5/28/2013,Tuesday,3,32
5/29/2013,Wednesday,4,8325
5/30/2013,Thursday,5,7210
5/31/2013,Friday,6,7409
6/1/2013,Saturday,7,10364
6/2/2013,Sunday,1,5988
6/3/2013,Monday,2,8642
6/4/2013,Tuesday,3,21863
6/5/2013,Wednesday,4,11255
6/6/2013,Thursday,5,7171
6/7/2013,Friday,6,10882
6/8/2013,Saturday,7,3853
6/9/2013,Sunday,1,7868
6/10/2013,Monday,2,3781
6/11/2013,Tuesday,3,5315
6/12/2013,Wednesday,4,17478
6/13/2013,Thursday,5,6102
6/14/2013,Friday,6,4957
6/15/2013,Saturday,7,7604
6/16/2013,Sunday,1,5919
6/17/2013,Monday,2,10693
6/18/2013,Tuesday,3,15157
6/19/2013,Wednesday,4,11712
6/20/2013,Thursday,5,6628
6/21/2013,Friday,6,5735
6/22/2013,Saturday,7,7103
6/23/2013,Sunday,1,5030
6/24/2013,Monday,2,10070
6/25/2013,Tuesday,3,5367
6/26/2013,Wednesday,4,9593
6/27/2013,Thursday,5,5957
6/28/2013,Friday,6,7641
6/29/2013,Saturday,7,7912
6/30/2013,Sunday,1,9133
7/1/2013,Monday,2,7505
7/2/2013,Tuesday,3,6639
7/3/2013,Wednesday,4,8783
7/4/2013,Thursday,5,6974
7/5/2013,Friday,6,6876
7/6/2013,Saturday,7,7461
7/7/2013,Sunday,1,8552
7/8/2013,Monday,2,11300
7/9/2013,Tuesday,3,9840
7/10/2013,Wednesday,4,10240
7/11/2013,Thursday,5,8384
7/12/2013,Friday,6,7678
7/13/2013,Saturday,7,9061
7/14/2013,Sunday,1,8447
7/15/2013,Monday,2,10561
7/16/2013,Tuesday,3,5844
7/17/2013,Wednesday,4,4420
7/18/2013,Thursday,5,15472
7/19/2013,Friday,6,21706
7/20/2013,Saturday,7,6099
7/21/2013,Sunday,1,4402
7/22/2013,Monday,2,6389
7/23/2013,Tuesday,3,11799
7/24/2013,Wednesday,4,6615
7/25/2013,Thursday,5,4358
7/26/2013,Friday,6,10658
7/27/2013,Saturday,7,4191
7/28/2013,Sunday,1,13899
7/29/2013,Monday,2,7863
7/30/2013,Tuesday,3,7629
7/31/2013,Wednesday,4,10518
8/1/2013,Thursday,5,8476
8/2/2013,Friday,6,9296
8/3/2013,Saturday,7,6032
8/4/2013,Sunday,1,13871
8/5/2013,Monday,2,8576
8/6/2013,Tuesday,3,6712
8/7/2013,Wednesday,4,8167
8/8/2013,Thursday,5,10425
8/9/2013,Friday,6,10037
8/10/2013,Saturday,7,16779
8/11/2013,Sunday,1,8821
8/12/2013,Monday,2,7066
8/13/2013,Tuesday,3,8815
8/14/2013,Wednesday,4,6729
8/15/2013,Thursday,5,10765
8/16/2013,Friday,6,3651
8/17/2013,Saturday,7,4629
8/18/2013,Sunday,1,4737
8/19/2013,Monday,2,11054
8/20/2013,Tuesday,3,6481
8/21/2013,Wednesday,4,12329
8/22/2013,Thursday,5,5452
8/23/2013,Friday,6,6684
8/24/2013,Saturday,7,7344
8/25/2013,Sunday,1,10666
8/26/2013,Monday,2,7061
8/27/2013,Tuesday,3,6222
8/28/2013,Wednesday,4,7340
8/29/2013,Thursday,5,6105
8/30/2013,Friday,6,5506
8/31/2013,Saturday,7,8180
9/1/2013,Sunday,1,7163
9/2/2013,Monday,2,10543
9/3/2013,Tuesday,3,5996
9/4/2013,Wednesday,4,7662
9/5/2013,Thursday,5,8820
9/6/2013,Friday,6,8388
9/7/2013,Saturday,7,4592
9/8/2013,Sunday,1,8796
9/9/2013,Monday,2,9302
9/10/2013,Tuesday,3,9128
9/11/2013,Wednesday,4,6077
9/12/2013,Thursday,5,8225
9/13/2013,Friday,6,9753
9/14/2013,Saturday,7,7563
9/15/2013,Sunday,1,6164
9/16/2013,Monday,2,11291
9/17/2013,Tuesday,3,7421
9/18/2013,Wednesday,4,5876
9/19/2013,Thursday,5,8109
9/20/2013,Friday,6,5350
9/21/2013,Saturday,7,6366
9/22/2013,Sunday,1,6993
9/23/2013,Monday,2,7288
9/24/2013,Tuesday,3,6591
9/25/2013,Wednesday,4,3509
9/26/2013,Thursday,5,19675
9/27/2013,Friday,6,8828
9/28/2013,Saturday,7,8382
9/29/2013,Sunday,1,7580
9/30/2013,Monday,2,4871
10/1/2013,Tuesday,3,2674
10/2/2013,Wednesday,4,6145
10/3/2013,Thursday,5,6930
10/4/2013,Friday,6,8125
10/5/2013,Saturday,7,7300
10/6/2013,Sunday,1,4894
10/7/2013,Monday,2,6524
10/8/2013,Tuesday,3,7091
10/9/2013,Wednesday,4,5909
10/10/2013,Thursday,5,4728
10/11/2013,Friday,6,7598
10/12/2013,Saturday,7,7480
10/13/2013,Sunday,1,16614
10/14/2013,Monday,2,7614
10/15/2013,Tuesday,3,6893
10/16/2013,Wednesday,4,7428
10/17/2013,Thursday,5,11982
10/18/2013,Friday,6,6965
10/19/2013,Saturday,7,6374
10/20/2013,Sunday,1,9097
10/21/2013,Monday,2,11535
10/22/2013,Tuesday,3,6527
10/23/2013,Wednesday,4,10530
10/24/2013,Thursday,5,20442
10/25/2013,Friday,6,10623
10/26/2013,Saturday,7,6413
10/27/2013,Sunday,1,5129
10/28/2013,Monday,2,2214
10/29/2013,Tuesday,3,8331
10/30/2013,Wednesday,4,7154
10/31/2013,Thursday,5,11498
11/1/2013,Friday,6,7913
11/2/2013,Saturday,7,8648
11/3/2013,Sunday,1,8621
11/4/2013,Monday,2,7145
11/5/2013,Tuesday,3,5690
11/6/2013,Wednesday,4,9340
11/7/2013,Thursday,5,7674
11/8/2013,Friday,6,7045
11/9/2013,Saturday,7,6371
11/10/2013,Sunday,1,6852
11/11/2013,Monday,2,6158
11/12/2013,Tuesday,3,5460
11/13/2013,Wednesday,4,4216
11/14/2013,Thursday,5,7837
11/15/2013,Friday,6,5580
11/16/2013,Saturday,7,3243
11/17/2013,Sunday,1,7569
11/18/2013,Monday,2,5871
11/19/2013,Tuesday,3,5762
11/20/2013,Wednesday,4,5723
11/21/2013,Thursday,5,4931
11/22/2013,Friday,6,8160
11/23/2013,Saturday,7,4778
11/24/2013,Sunday,1,7904
11/25/2013,Monday,2,5351
11/26/2013,Tuesday,3,9925
11/27/2013,Wednesday,4,6198
11/28/2013,Thursday,5,7263
11/29/2013,Friday,6,6582
11/30/2013,Saturday,7,5443
12/1/2013,Sunday,1,5020
12/2/2013,Monday,2,6671
12/3/2013,Tuesday,3,5527
12/4/2013,Wednesday,4,4322
12/5/2013,Thursday,5,10362
12/6/2013,Friday,6,6183
12/7/2013,Saturday,7,6653
12/8/2013,Sunday,1,4027
12/9/2013,Monday,2,6913
12/10/2013,Tuesday,3,4734
12/11/2013,Wednesday,4,6961
12/12/2013,Thursday,5,3922
12/13/2013,Friday,6,5419
12/14/2013,Saturday,7,8819
12/15/2013,Sunday,1,4599
12/16/2013,Monday,2,6817
12/17/2013,Tuesday,3,9176
12/18/2013,Wednesday,4,8655
12/19/2013,Thursday,5,7640
12/20/2013,Friday,6,8401
12/21/2013,Saturday,7,4441
12/22/2013,Sunday,1,8919
12/23/2013,Monday,2,7633
12/24/2013,Tuesday,3,8513
12/25/2013,Wednesday,4,933
12/26/2013,Thursday,5,10553
12/27/2013,Friday,6,6536
12/28/2013,Saturday,7,11015
12/29/2013,Sunday,1,6517
12/30/2013,Monday,2,12251
12/31/2013,Tuesday,3,6825
1/1/2014,Wednesday,4,16555
1/2/2014,Thursday,5,11970
1/3/2014,Friday,6,13257
1/4/2014,Saturday,7,12737
1/5/2014,Sunday,1,12536
1/6/2014,Monday,2,11161
1/7/2014,Tuesday,3,5163
1/8/2014,Wednesday,4,8196
1/9/2014,Thursday,5,8525
1/10/2014,Friday,6,9864
1/11/2014,Saturday,7,5600
1/12/2014,Sunday,1,5017
1/13/2014,Monday,2,13139
1/14/2014,Tuesday,3,5524
1/15/2014,Wednesday,4,9516
1/16/2014,Thursday,5,5646
1/17/2014,Friday,6,4092
1/18/2014,Saturday,7,8992
1/19/2014,Sunday,1,6049
1/20/2014,Monday,2,7449
1/21/2014,Tuesday,3,6677
1/22/2014,Wednesday,4,6615
1/23/2014,Thursday,5,4622
1/24/2014,Friday,6,4351
1/25/2014,Saturday,7,5270
1/26/2014,Sunday,1,7036
1/27/2014,Monday,2,7874
1/28/2014,Tuesday,3,6835
1/29/2014,Wednesday,4,9922
1/30/2014,Thursday,5,5778
1/31/2014,Friday,6,9302
2/1/2014,Saturday,7,8763
2/2/2014,Sunday,1,5021
2/3/2014,Monday,2,5283
2/4/2014,Tuesday,3,6877
2/5/2014,Wednesday,4,7680
2/6/2014,Thursday,5,4437
2/7/2014,Friday,6,9601
2/8/2014,Saturday,7,6080
2/9/2014,Sunday,1,4543
2/10/2014,Monday,2,6802
2/11/2014,Tuesday,3,6201
2/12/2014,Wednesday,4,6273
2/13/2014,Thursday,5,7567
2/14/2014,Friday,6,5064
2/15/2014,Saturday,7,10744
2/16/2014,Sunday,1,16092
2/17/2014,Monday,2,14050
2/18/2014,Tuesday,3,5731
2/19/2014,Wednesday,4,7660
2/20/2014,Thursday,5,6016
2/21/2014,Friday,6,8685
2/22/2014,Saturday,7,11130
2/23/2014,Sunday,1,5366
2/24/2014,Monday,2,10198
2/25/2014,Tuesday,3,7509
2/26/2014,Wednesday,4,5707
2/27/2014,Thursday,5,19243
2/28/2014,Friday,6,17103
3/1/2014,Saturday,7,3719
3/2/2014,Sunday,1,4517
3/3/2014,Monday,2,8723
3/4/2014,Tuesday,3,9922
3/5/2014,Wednesday,4,8690
3/6/2014,Thursday,5,12415
3/7/2014,Friday,6,8199
3/8/2014,Saturday,7,6063
3/9/2014,Sunday,1,8415
3/10/2014,Monday,2,8181
3/11/2014,Tuesday,3,6451
3/12/2014,Wednesday,4,7021
3/13/2014,Thursday,5,5032
3/14/2014,Friday,6,12346
3/15/2014,Saturday,7,4226
3/16/2014,Sunday,1,9527
3/17/2014,Monday,2,7415
3/18/2014,Tuesday,3,10972
3/19/2014,Wednesday,4,9661
3/20/2014,Thursday,5,6951
3/21/2014,Friday,6,5374
3/22/2014,Saturday,7,11825
3/23/2014,Sunday,1,12271
3/24/2014,Monday,2,5527
3/25/2014,Tuesday,3,9571
3/26/2014,Wednesday,4,7257
3/27/2014,Thursday,5,10403
3/28/2014,Friday,6,9625
3/29/2014,Saturday,7,7273
3/30/2014,Sunday,1,4886
3/31/2014,Monday,2,4999
4/1/2014,Tuesday,3,6098
4/2/2014,Wednesday,4,5038
4/3/2014,Thursday,5,8822
4/4/2014,Friday,6,7103
4/5/2014,Saturday,7,9888
4/6/2014,Sunday,1,11960
4/7/2014,Monday,2,6007
4/8/2014,Tuesday,3,8983
4/9/2014,Wednesday,4,6697
4/10/2014,Thursday,5,7478
4/11/2014,Friday,6,668
4/12/2014,Saturday,7,11177
4/13/2014,Sunday,1,10833
4/14/2014,Monday,2,10459
4/15/2014,Tuesday,3,6946
4/16/2014,Wednesday,4,6822
4/17/2014,Thursday,5,6825
4/18/2014,Friday,6,5845
4/19/2014,Saturday,7,10859
4/20/2014,Sunday,1,7337
4/21/2014,Monday,2,7471
4/22/2014,Tuesday,3,16766
4/23/2014,Wednesday,4,6787
4/24/2014,Thursday,5,14316
4/25/2014,Friday,6,11400
4/26/2014,Saturday,7,7348
4/27/2014,Sunday,1,10159
4/28/2014,Monday,2,10839
4/29/2014,Tuesday,3,13124
4/30/2014,Wednesday,4,14509
5/1/2014,Thursday,5,7292
5/2/2014,Friday,6,5020
5/3/2014,Saturday,7,9135
5/4/2014,Sunday,1,9589
5/5/2014,Monday,2,12175
5/6/2014,Tuesday,3,5200
5/7/2014,Wednesday,4,6662
5/8/2014,Thursday,5,8897
5/9/2014,Friday,6,8707
5/10/2014,Saturday,7,6418
5/11/2014,Sunday,1,11712
5/12/2014,Monday,2,11537
5/13/2014,Tuesday,3,8759
5/14/2014,Wednesday,4,6204
5/15/2014,Thursday,5,5688
5/16/2014,Friday,6,9104
5/17/2014,Saturday,7,11918
5/18/2014,Sunday,1,10727
5/19/2014,Monday,2,11114
5/20/2014,Tuesday,3,9570
5/21/2014,Wednesday,4,6394
5/22/2014,Thursday,5,5626
5/23/2014,Friday,6,6507
5/24/2014,Saturday,7,10581
5/25/2014,Sunday,1,8153
5/26/2014,Monday,2,10436
5/27/2014,Tuesday,3,11729
5/28/2014,Wednesday,4,13466
5/29/2014,Thursday,5,11630
5/30/2014,Friday,6,6273
5/31/2014,Saturday,7,7133
6/1/2014,Sunday,1,9011
6/2/2014,Monday,2,9888
6/3/2014,Tuesday,3,8028
6/4/2014,Wednesday,4,8331
6/5/2014,Thursday,5,16141
6/6/2014,Friday,6,10577
6/7/2014,Saturday,7,12647
6/8/2014,Sunday,1,5235
6/9/2014,Monday,2,4169
6/10/2014,Tuesday,3,5409
6/11/2014,Wednesday,4,9646
6/12/2014,Thursday,5,11000
6/13/2014,Friday,6,7126
6/14/2014,Saturday,7,9296
6/15/2014,Sunday,1,8180
6/16/2014,Monday,2,10430
6/17/2014,Tuesday,3,10471
6/18/2014,Wednesday,4,9294
6/19/2014,Thursday,5,7827
6/20/2014,Friday,6,7942
6/21/2014,Saturday,7,10045
6/22/2014,Sunday,1,10737
6/23/2014,Monday,2,11705
6/24/2014,Tuesday,3,7853
6/25/2014,Wednesday,4,6724
6/26/2014,Thursday,5,10267
6/27/2014,Friday,6,8336
6/28/2014,Saturday,7,5101
6/29/2014,Sunday,1,5808
6/30/2014,Monday,2,13578
7/1/2014,Tuesday,3,10711
7/2/2014,Wednesday,4,7945
7/3/2014,Thursday,5,7606
7/4/2014,Friday,6,7536
7/5/2014,Saturday,7,7848
7/6/2014,Sunday,1,8474
7/7/2014,Monday,2,6393
7/8/2014,Tuesday,3,11670
7/9/2014,Wednesday,4,10107
7/10/2014,Thursday,5,10472
7/11/2014,Friday,6,8448
7/12/2014,Saturday,7,11687
7/13/2014,Sunday,1,6696
7/14/2014,Monday,2,9207
7/15/2014,Tuesday,3,10196
7/16/2014,Wednesday,4,14103
7/17/2014,Thursday,5,6083
7/18/2014,Friday,6,5553
7/19/2014,Saturday,7,7884
7/20/2014,Sunday,1,7832
7/21/2014,Monday,2,14033
7/22/2014,Tuesday,3,11101
7/23/2014,Wednesday,4,8276
7/24/2014,Thursday,5,6748
7/25/2014,Friday,6,9195
7/26/2014,Saturday,7,5802
7/27/2014,Sunday,1,10726
7/28/2014,Monday,2,12938
7/29/2014,Tuesday,3,9733
7/30/2014,Wednesday,4,5300
7/31/2014,Thursday,5,4410
8/1/2014,Friday,6,4889
8/2/2014,Saturday,7,16266
8/3/2014,Sunday,1,16027
8/4/2014,Monday,2,1867
8/5/2014,Tuesday,3,6747
8/6/2014,Wednesday,4,6452
8/7/2014,Thursday,5,5119
8/8/2014,Friday,6,9318
8/9/2014,Saturday,7,8885
8/10/2014,Sunday,1,17455
8/11/2014,Monday,2,10345
8/12/2014,Tuesday,3,10298
8/13/2014,Wednesday,4,10843
8/14/2014,Thursday,5,10371
8/15/2014,Friday,6,15966
8/16/2014,Saturday,7,8760
8/17/2014,Sunday,1,8618
8/18/2014,Monday,2,10475
8/19/2014,Tuesday,3,20150
8/20/2014,Wednesday,4,12220
8/21/2014,Thursday,5,5362
8/22/2014,Friday,6,11529
8/23/2014,Saturday,7,10268
8/24/2014,Sunday,1,7341
8/25/2014,Monday,2,10840
8/26/2014,Tuesday,3,3857
8/27/2014,Wednesday,4,10454
8/28/2014,Thursday,5,13615
8/29/2014,Friday,6,9627
8/30/2014,Saturday,7,6307
8/31/2014,Sunday,1,7691
9/1/2014,Monday,2,10534
9/2/2014,Tuesday,3,4220
9/3/2014,Wednesday,4,5390
9/4/2014,Thursday,5,5911
9/5/2014,Friday,6,5030
9/6/2014,Saturday,7,7774
9/7/2014,Sunday,1,11379
9/8/2014,Monday,2,5819
9/9/2014,Tuesday,3,8281
9/10/2014,Wednesday,4,11224
9/11/2014,Thursday,5,10640
9/12/2014,Friday,6,8057
9/13/2014,Saturday,7,4944
9/14/2014,Sunday,1,5204
9/15/2014,Monday,2,5891
9/16/2014,Tuesday,3,7053
9/17/2014,Wednesday,4,4918
9/18/2014,Thursday,5,5671
9/19/2014,Friday,6,5390
9/20/2014,Saturday,7,16832
9/21/2014,Sunday,1,16092
9/22/2014,Monday,2,9507
9/23/2014,Tuesday,3,9144
9/24/2014,Wednesday,4,7883
9/25/2014,Thursday,5,7341
9/26/2014,Friday,6,5082
9/27/2014,Saturday,7,4112
9/28/2014,Sunday,1,11075
9/29/2014,Monday,2,12087
9/30/2014,Tuesday,3,8295
10/1/2014,Wednesday,4,14732
10/2/2014,Thursday,5,6372
10/3/2014,Friday,6,8640
10/4/2014,Saturday,7,9611
10/5/2014,Sunday,1,5241
10/6/2014,Monday,2,9443
10/7/2014,Tuesday,3,6225
10/8/2014,Wednesday,4,7874
10/9/2014,Thursday,5,5129
10/10/2014,Friday,6,6218
10/11/2014,Saturday,7,1058
10/12/2014,Sunday,1,9505
10/13/2014,Monday,2,6320
10/14/2014,Tuesday,3,8228
10/15/2014,Wednesday,4,11422
10/16/2014,Thursday,5,6806
10/17/2014,Friday,6,7369
10/18/2014,Saturday,7,4895
10/19/2014,Sunday,1,12137
10/20/2014,Monday,2,5074
10/21/2014,Tuesday,3,9417
10/22/2014,Wednesday,4,3388
10/23/2014,Thursday,5,2981
10/24/2014,Friday,6,5343
10/25/2014,Saturday,7,11018
10/26/2014,Sunday,1,23876
10/27/2014,Monday,2,11311
10/28/2014,Tuesday,3,7007
10/29/2014,Wednesday,4,11460
10/30/2014,Thursday,5,4300
10/31/2014,Friday,6,9076
11/1/2014,Saturday,7,7838
11/2/2014,Sunday,1,8605
11/3/2014,Monday,2,7710
11/4/2014,Tuesday,3,7116
11/5/2014,Wednesday,4,7976
11/6/2014,Thursday,5,7973
11/7/2014,Friday,6,8517
11/8/2014,Saturday,7,7221
11/9/2014,Sunday,1,10694
11/10/2014,Monday,2,6780
11/11/2014,Tuesday,3,8052
11/12/2014,Wednesday,4,6300
11/13/2014,Thursday,5,7313
11/14/2014,Friday,6,10847
11/15/2014,Saturday,7,3952
11/16/2014,Sunday,1,15411
11/17/2014,Monday,2,6389
11/18/2014,Tuesday,3,8554
11/19/2014,Wednesday,4,7382
11/20/2014,Thursday,5,10103
11/21/2014,Friday,6,15375
11/22/2014,Saturday,7,4111
11/23/2014,Sunday,1,11184
11/24/2014,Monday,2,9749
11/25/2014,Tuesday,3,9113
11/26/2014,Wednesday,4,11342
11/27/2014,Thursday,5,7981
11/28/2014,Friday,6,8126
11/29/2014,Saturday,7,2906
11/30/2014,Sunday,1,6111
12/1/2014,Monday,2,5557
12/2/2014,Tuesday,3,6603
12/3/2014,Wednesday,4,10723
12/4/2014,Thursday,5,5900
12/5/2014,Friday,6,25514
12/6/2014,Saturday,7,14327
12/7/2014,Sunday,1,7787
12/8/2014,Monday,2,7288
12/9/2014,Tuesday,3,6891
12/10/2014,Wednesday,4,9138
12/11/2014,Thursday,5,6905
12/12/2014,Friday,6,5780
12/13/2014,Saturday,7,6233
12/14/2014,Sunday,1,8641
12/15/2014,Monday,2,7460
12/16/2014,Tuesday,3,4077
12/17/2014,Wednesday,4,8650
12/18/2014,Thursday,5,4093
12/19/2014,Friday,6,10835
12/20/2014,Saturday,7,8818
12/21/2014,Sunday,1,14283
12/22/2014,Monday,2,7813
12/23/2014,Tuesday,3,5564
12/24/2014,Wednesday,4,7292
12/25/2014,Thursday,5,7071
12/26/2014,Friday,6,7854
12/27/2014,Saturday,7,5172
12/28/2014,Sunday,1,11021
12/29/2014,Monday,2,8666
12/30/2014,Tuesday,3,7957
12/31/2014,Wednesday,4,6031
1/1/2015,Thursday,5,4794
1/2/2015,Friday,6,6643
1/3/2015,Saturday,7,5725
1/4/2015,Sunday,1,4151
1/5/2015,Monday,2,8658
1/6/2015,Tuesday,3,7340
1/7/2015,Wednesday,4,7119
1/8/2015,Thursday,5,9895
1/9/2015,Friday,6,6209
1/10/2015,Saturday,7,3306
1/11/2015,Sunday,1,5689
1/12/2015,Monday,2,7304
1/13/2015,Tuesday,3,9440
1/14/2015,Wednesday,4,7360
1/15/2015,Thursday,5,8748
1/16/2015,Friday,6,6789
1/17/2015,Saturday,7,3213
1/18/2015,Sunday,1,6505
1/19/2015,Monday,2,7698
1/20/2015,Tuesday,3,7506
1/21/2015,Wednesday,4,8382
1/22/2015,Thursday,5,5612
1/23/2015,Friday,6,8569
1/24/2015,Saturday,7,2526
1/25/2015,Sunday,1,3944
1/26/2015,Monday,2,5649
1/27/2015,Tuesday,3,6210
1/28/2015,Wednesday,4,6416
1/29/2015,Thursday,5,6847
1/30/2015,Friday,6,7930
1/31/2015,Saturday,7,10451
2/1/2015,Sunday,1,6010
2/2/2015,Monday,2,8135
2/3/2015,Tuesday,3,7213
2/4/2015,Wednesday,4,7515
2/5/2015,Thursday,5,7970
2/6/2015,Friday,6,9731
2/7/2015,Saturday,7,10731
2/8/2015,Sunday,1,4196
2/9/2015,Monday,2,6466
2/10/2015,Tuesday,3,8028
2/11/2015,Wednesday,4,4971
2/12/2015,Thursday,5,13715
2/13/2015,Friday,6,14013
2/14/2015,Saturday,7,17436
2/15/2015,Sunday,1,20641
2/16/2015,Monday,2,8607
2/17/2015,Tuesday,3,10049
2/18/2015,Wednesday,4,7264
2/19/2015,Thursday,5,5911
2/20/2015,Friday,6,9296
2/21/2015,Saturday,7,3464
2/22/2015,Sunday,1,6859
2/23/2015,Monday,2,7038
2/24/2015,Tuesday,3,4677
2/25/2015,Wednesday,4,9438
2/26/2015,Thursday,5,4375
2/27/2015,Friday,6,6727
2/28/2015,Saturday,7,7350
3/1/2015,Sunday,1,6513
3/2/2015,Monday,2,5290
3/3/2015,Tuesday,3,7946
3/4/2015,Wednesday,4,6074
3/5/2015,Thursday,5,5210
3/6/2015,Friday,6,10773
3/7/2015,Saturday,7,7035
3/8/2015,Sunday,1,5840
3/9/2015,Monday,2,7530
3/10/2015,Tuesday,3,5230
3/11/2015,Wednesday,4,10740
3/12/2015,Thursday,5,5019
3/13/2015,Friday,6,6979
3/14/2015,Saturday,7,13002
3/15/2015,Sunday,1,4843
3/16/2015,Monday,2,4683
3/17/2015,Tuesday,3,4973
3/18/2015,Wednesday,4,6455
3/19/2015,Thursday,5,7227
3/20/2015,Friday,6,7335
3/21/2015,Saturday,7,8126
3/22/2015,Sunday,1,3124
3/23/2015,Monday,2,8521
3/24/2015,Tuesday,3,5084
3/25/2015,Wednesday,4,5271
3/26/2015,Thursday,5,6503
3/27/2015,Friday,6,6748
3/28/2015,Saturday,7,3628
3/29/2015,Sunday,1,5690
3/30/2015,Monday,2,9161
3/31/2015,Tuesday,3,9447
4/1/2015,Wednesday,4,9213
4/2/2015,Thursday,5,7415
4/3/2015,Friday,6,10874
4/4/2015,Saturday,7,3869
4/5/2015,Sunday,1,4226
4/6/2015,Monday,2,8280
4/7/2015,Tuesday,3,6669
4/8/2015,Wednesday,4,12935
4/9/2015,Thursday,5,5864
4/10/2015,Friday,6,7984
4/11/2015,Saturday,7,3029
4/12/2015,Sunday,1,5942
4/13/2015,Monday,2,4403
4/14/2015,Tuesday,3,4919
4/15/2015,Wednesday,4,10518
4/16/2015,Thursday,5,9242
4/17/2015,Friday,6,5796
4/18/2015,Saturday,7,5627
4/19/2015,Sunday,1,4225
4/20/2015,Monday,2,8804
4/21/2015,Tuesday,3,8682
4/22/2015,Wednesday,4,5587
4/23/2015,Thursday,5,5175
4/24/2015,Friday,6,6495
4/25/2015,Saturday,7,5258
4/26/2015,Sunday,1,5597
4/27/2015,Monday,2,6041
4/28/2015,Tuesday,3,4525
4/29/2015,Wednesday,4,6419
4/30/2015,Thursday,5,5635
5/1/2015,Friday,6,7045
5/2/2015,Saturday,7,10394
5/3/2015,Sunday,1,4377
5/4/2015,Monday,2,9388
5/5/2015,Tuesday,3,6793
5/6/2015,Wednesday,4,6939
5/7/2015,Thursday,5,6495
5/8/2015,Friday,6,6798
5/9/2015,Saturday,7,303
5/10/2015,Sunday,1,7805
5/11/2015,Monday,2,6687
5/12/2015,Tuesday,3,6531
5/13/2015,Wednesday,4,6959
5/14/2015,Thursday,5,8326
5/15/2015,Friday,6,7819
5/16/2015,Saturday,7,6003
5/17/2015,Sunday,1,4315
5/18/2015,Monday,2,6627
5/19/2015,Tuesday,3,7829
5/20/2015,Wednesday,4,7777
5/21/2015,Thursday,5,3975
5/22/2015,Friday,6,4861
5/23/2015,Saturday,7,7135
5/24/2015,Sunday,1,7975
5/25/2015,Monday,2,6983
5/26/2015,Tuesday,3,7443
5/27/2015,Wednesday,4,4897
5/28/2015,Thursday,5,5615
5/29/2015,Friday,6,7911
5/30/2015,Saturday,7,10241
5/31/2015,Sunday,1,9740
6/1/2015,Monday,2,8882
6/2/2015,Tuesday,3,6048
6/3/2015,Wednesday,4,14786
6/4/2015,Thursday,5,10535
6/5/2015,Friday,6,9223
6/6/2015,Saturday,7,11752
6/7/2015,Sunday,1,4854
6/8/2015,Monday,2,8987
6/9/2015,Tuesday,3,10338
6/10/2015,Wednesday,4,5639
6/11/2015,Thursday,5,4915
6/12/2015,Friday,6,5502
6/13/2015,Saturday,7,3362
6/14/2015,Sunday,1,3744
6/15/2015,Monday,2,9311
6/16/2015,Tuesday,3,3905
6/17/2015,Wednesday,4,3810
6/18/2015,Thursday,5,8490
6/19/2015,Friday,6,4992
6/20/2015,Saturday,7,7031
6/21/2015,Sunday,1,4179
6/22/2015,Monday,2,6499
6/23/2015,Tuesday,3,4443
6/24/2015,Wednesday,4,7008
6/25/2015,Thursday,5,5797
6/26/2015,Friday,6,4743
6/27/2015,Saturday,7,8822
6/28/2015,Sunday,1,3937
6/29/2015,Monday,2,6455
6/30/2015,Tuesday,3,13716
7/1/2015,Wednesday,4,5974
7/2/2015,Thursday,5,11215
7/3/2015,Friday,6,5725
7/4/2015,Saturday,7,10008
7/5/2015,Sunday,1,6007
7/6/2015,Monday,2,6887
7/7/2015,Tuesday,3,5593
7/8/2015,Wednesday,4,6069
7/9/2015,Thursday,5,10928
7/10/2015,Friday,6,7917
7/11/2015,Saturday,7,9397
7/12/2015,Sunday,1,5168
7/13/2015,Monday,2,8123
7/14/2015,Tuesday,3,7204
7/15/2015,Wednesday,4,9667
7/16/2015,Thursday,5,5285
7/17/2015,Friday,6,6745
7/18/2015,Saturday,7,8927
7/19/2015,Sunday,1,7721
7/20/2015,Monday,2,3819
7/21/2015,Tuesday,3,6666
7/22/2015,Wednesday,4,6511
7/23/2015,Thursday,5,8729
7/24/2015,Friday,6,5661
7/25/2015,Saturday,7,5570
7/26/2015,Sunday,1,7253
7/27/2015,Monday,2,5915
7/28/2015,Tuesday,3,6556
7/29/2015,Wednesday,4,5741
7/30/2015,Thursday,5,5207
7/31/2015,Friday,6,6009
8/1/2015,Saturday,7,6261
8/2/2015,Sunday,1,6086
8/3/2015,Monday,2,15183
8/4/2015,Tuesday,3,8178
8/5/2015,Wednesday,4,13554
8/6/2015,Thursday,5,13166
8/7/2015,Friday,6,9734
8/8/2015,Saturday,7,11107
8/9/2015,Sunday,1,10783
8/10/2015,Monday,2,5984
8/11/2015,Tuesday,3,3373
8/12/2015,Wednesday,4,9943
8/13/2015,Thursday,5,6330
8/14/2015,Friday,6,3611
8/15/2015,Saturday,7,4042
8/16/2015,Sunday,1,8227
8/17/2015,Monday,2,3163
8/18/2015,Tuesday,3,7828
8/19/2015,Wednesday,4,4483
8/20/2015,Thursday,5,8601
8/21/2015,Friday,6,6726
8/22/2015,Saturday,7,2730
8/23/2015,Sunday,1,6345
8/24/2015,Monday,2,10281
8/25/2015,Tuesday,3,14364
8/26/2015,Wednesday,4,9136
8/27/2015,Thursday,5,7987
8/28/2015,Friday,6,4965
8/29/2015,Saturday,7,2960
8/30/2015,Sunday,1,7459
8/31/2015,Monday,2,3535
9/1/2015,Tuesday,3,7355
9/2/2015,Wednesday,4,10070
9/3/2015,Thursday,5,5119
9/4/2015,Friday,6,6600
9/5/2015,Saturday,7,5633
9/6/2015,Sunday,1,12808
9/7/2015,Monday,2,10335
9/8/2015,Tuesday,3,6817
9/9/2015,Wednesday,4,5939
9/10/2015,Thursday,5,9277
9/11/2015,Friday,6,8520
9/12/2015,Saturday,7,5271
9/13/2015,Sunday,1,7345
9/14/2015,Monday,2,10691
9/15/2015,Tuesday,3,7308
9/16/2015,Wednesday,4,10592
9/17/2015,Thursday,5,7425
9/18/2015,Friday,6,7334
9/19/2015,Saturday,7,5277
9/20/2015,Sunday,1,6867
9/21/2015,Monday,2,6605
9/22/2015,Tuesday,3,5405
9/23/2015,Wednesday,4,5582
9/24/2015,Thursday,5,11409
9/25/2015,Friday,6,9694
9/26/2015,Saturday,7,5592
9/27/2015,Sunday,1,5019
9/28/2015,Monday,2,8800
9/29/2015,Tuesday,3,8897
9/30/2015,Wednesday,4,6198
10/1/2015,Thursday,5,7669
10/2/2015,Friday,6,9446
10/3/2015,Saturday,7,7555
10/4/2015,Sunday,1,8122
10/5/2015,Monday,2,8039
10/6/2015,Tuesday,3,5940
10/7/2015,Wednesday,4,6072
10/8/2015,Thursday,5,7104
10/9/2015,Friday,6,7876
10/10/2015,Saturday,7,4258
10/11/2015,Sunday,1,8368
10/12/2015,Monday,2,7679
10/13/2015,Tuesday,3,5418
10/14/2015,Wednesday,4,5082
10/15/2015,Thursday,5,8181
10/16/2015,Friday,6,6266
10/17/2015,Saturday,7,7140
10/18/2015,Sunday,1,5660
10/19/2015,Monday,2,4906
10/20/2015,Tuesday,3,10187
10/21/2015,Wednesday,4,11511
10/22/2015,Thursday,5,5778
10/23/2015,Friday,6,5903
10/24/2015,Saturday,7,8411
10/25/2015,Sunday,1,4442
10/26/2015,Monday,2,4117
10/27/2015,Tuesday,3,6078
10/28/2015,Wednesday,4,6780
10/29/2015,Thursday,5,8901
10/30/2015,Friday,6,6392
10/31/2015,Saturday,7,12592
11/1/2015,Sunday,1,3607
11/2/2015,Monday,2,6958
11/3/2015,Tuesday,3,6431
11/4/2015,Wednesday,4,4480
11/5/2015,Thursday,5,8719
11/6/2015,Friday,6,7115
11/7/2015,Saturday,7,5371
11/8/2015,Sunday,1,6654
11/9/2015,Monday,2,9838
11/10/2015,Tuesday,3,8540
11/11/2015,Wednesday,4,4923
11/12/2015,Thursday,5,5928
11/13/2015,Friday,6,10699
11/14/2015,Saturday,7,7663
11/15/2015,Sunday,1,4398
11/16/2015,Monday,2,9487
11/17/2015,Tuesday,3,7971
11/18/2015,Wednesday,4,8634
11/19/2015,Thursday,5,7159
11/20/2015,Friday,6,4300
11/21/2015,Saturday,7,7378
11/22/2015,Sunday,1,8715
11/23/2015,Monday,2,5574
11/24/2015,Tuesday,3,4975
11/25/2015,Wednesday,4,7315
11/26/2015,Thursday,5,5696
11/27/2015,Friday,6,12025
11/28/2015,Saturday,7,6581
11/29/2015,Sunday,1,7310
11/30/2015,Monday,2,6523
12/1/2015,Tuesday,3,6115
12/2/2015,Wednesday,4,9013
12/3/2015,Thursday,5,4950
12/4/2015,Friday,6,12859
12/5/2015,Saturday,7,3594
12/6/2015,Sunday,1,5510
12/7/2015,Monday,2,6570
12/8/2015,Tuesday,3,5239
12/9/2015,Wednesday,4,7090
12/10/2015,Thursday,5,4507
12/11/2015,Friday,6,9418
12/12/2015,Saturday,7,3260
12/13/2015,Sunday,1,6128
12/14/2015,Monday,2,4345
12/15/2015,Tuesday,3,14160
12/16/2015,Wednesday,4,5945
12/17/2015,Thursday,5,5836
12/18/2015,Friday,6,4072
12/19/2015,Saturday,7,4295
12/20/2015,Sunday,1,4380
12/21/2015,Monday,2,5630
12/22/2015,Tuesday,3,5730
12/23/2015,Wednesday,4,7103
12/24/2015,Thursday,5,4750
12/25/2015,Friday,6,8390
12/26/2015,Saturday,7,7757
12/27/2015,Sunday,1,8971
12/28/2015,Monday,2,12567
12/29/2015,Tuesday,3,8623
12/30/2015,Wednesday,4,11170
12/31/2015,Thursday,5,5237
1/1/2016,Friday,6,7244
1/2/2016,Saturday,7,5217
1/3/2016,Sunday,1,7346
1/4/2016,Monday,2,5672
1/5/2016,Tuesday,3,11750
1/6/2016,Wednesday,4,4062
1/7/2016,Thursday,5,7703
1/8/2016,Friday,6,6949
1/9/2016,Saturday,7,6175
1/10/2016,Sunday,1,737
1/11/2016,Monday,2,10948
1/12/2016,Tuesday,3,8691
1/13/2016,Wednesday,4,5938
1/14/2016,Thursday,5,7502
1/15/2016,Friday,6,6946
1/16/2016,Saturday,7,4730
1/17/2016,Sunday,1,10125
1/18/2016,Monday,2,4703
1/19/2016,Tuesday,3,3723
1/20/2016,Wednesday,4,5987
1/21/2016,Thursday,5,7992
1/22/2016,Friday,6,6050
1/23/2016,Saturday,7,5929
1/24/2016,Sunday,1,5246
1/25/2016,Monday,2,5685
1/26/2016,Tuesday,3,5768
1/27/2016,Wednesday,4,4078
1/28/2016,Thursday,5,7618
1/29/2016,Friday,6,9415
1/30/2016,Saturday,7,3134
1/31/2016,Sunday,1,7750
2/1/2016,Monday,2,11371
2/2/2016,Tuesday,3,10571
2/3/2016,Wednesday,4,11522
2/4/2016,Thursday,5,6159
2/5/2016,Friday,6,13096
2/6/2016,Saturday,7,7342
2/7/2016,Sunday,1,7769
2/8/2016,Monday,2,6119
2/9/2016,Tuesday,3,9245
2/10/2016,Wednesday,4,11457
2/11/2016,Thursday,5,11475
2/12/2016,Friday,6,7256
2/13/2016,Saturday,7,3667
2/14/2016,Sunday,1,8774
2/15/2016,Monday,2,6024
2/16/2016,Tuesday,3,9143
2/17/2016,Wednesday,4,9200
2/18/2016,Thursday,5,7254
2/19/2016,Friday,6,7889
2/20/2016,Saturday,7,4605
2/21/2016,Sunday,1,5060
2/22/2016,Monday,2,5236
2/23/2016,Tuesday,3,9559
2/24/2016,Wednesday,4,6037
2/25/2016,Thursday,5,8386
2/26/2016,Friday,6,7675
2/27/2016,Saturday,7,
2/28/2016,Sunday,1,
2/29/2016,Monday,2,
3/1/2016,Tuesday,3,5535
3/2/2016,Wednesday,4,4986
3/3/2016,Thursday,5,8692
3/4/2016,Friday,6,5146
3/5/2016,Saturday,7,3468
3/6/2016,Sunday,1,3893
3/7/2016,Monday,2,8101
3/8/2016,Tuesday,3,9822
3/9/2016,Wednesday,4,6778
3/10/2016,Thursday,5,7685
3/11/2016,Friday,6,4592
3/12/2016,Saturday,7,4855
3/13/2016,Sunday,1,3477
3/14/2016,Monday,2,4120
3/15/2016,Tuesday,3,8760
3/16/2016,Wednesday,4,8892
3/17/2016,Thursday,5,6651
3/18/2016,Friday,6,7208
3/19/2016,Saturday,7,5028
3/20/2016,Sunday,1,942
3/21/2016,Monday,2,5765
3/22/2016,Tuesday,3,8878
3/23/2016,Wednesday,4,3923
3/24/2016,Thursday,5,6256
3/25/2016,Friday,6,8549
3/26/2016,Saturday,7,10272
3/27/2016,Sunday,1,6331
3/28/2016,Monday,2,11364
3/29/2016,Tuesday,3,8913
3/30/2016,Wednesday,4,13018
3/31/2016,Thursday,5,6769
4/1/2016,Friday,6,9507
4/2/2016,Saturday,7,6883
4/3/2016,Sunday,1,7021
4/4/2016,Monday,2,7491
4/5/2016,Tuesday,3,5833
4/6/2016,Wednesday,4,7579
4/7/2016,Thursday,5,7383
4/8/2016,Friday,6,3944
4/9/2016,Saturday,7,7783
4/10/2016,Sunday,1,2703
4/11/2016,Monday,2,5583
4/12/2016,Tuesday,3,1046
4/13/2016,Wednesday,4,1525
4/14/2016,Thursday,5,6083
4/15/2016,Friday,6,5340
4/16/2016,Saturday,7,8702
4/17/2016,Sunday,1,10242
4/18/2016,Monday,2,10040
4/19/2016,Tuesday,3,11837
4/20/2016,Wednesday,4,8017
4/21/2016,Thursday,5,7870
4/22/2016,Friday,6,7798
4/23/2016,Saturday,7,10241
4/24/2016,Sunday,1,9319
4/25/2016,Monday,2,8820
4/26/2016,Tuesday,3,11904
4/27/2016,Wednesday,4,5067
4/28/2016,Thursday,5,4756
4/29/2016,Friday,6,12314
4/30/2016,Saturday,7,10348
5/1/2016,Sunday,1,10434
5/2/2016,Monday,2,15584
5/3/2016,Tuesday,3,8163
5/4/2016,Wednesday,4,17046
5/5/2016,Thursday,5,7582
5/6/2016,Friday,6,7878
5/7/2016,Saturday,7,9233
5/8/2016,Sunday,1,6057
5/9/2016,Monday,2,7702
5/10/2016,Tuesday,3,8412
5/11/2016,Wednesday,4,13556
5/12/2016,Thursday,5,6896
5/13/2016,Friday,6,10168
5/14/2016,Saturday,7,7182
5/15/2016,Sunday,1,8629
5/16/2016,Monday,2,10948
5/17/2016,Tuesday,3,10242
5/18/2016,Wednesday,4,6011
5/19/2016,Thursday,5,9065
5/20/2016,Friday,6,5997
5/21/2016,Saturday,7,7685
5/22/2016,Sunday,1,8838
5/23/2016,Monday,2,7306
5/24/2016,Tuesday,3,3518
5/25/2016,Wednesday,4,11346
5/26/2016,Thursday,5,7847
5/27/2016,Friday,6,11593
5/28/2016,Saturday,7,8771
5/29/2016,Sunday,1,5637
5/30/2016,Monday,2,8956
5/31/2016,Tuesday,3,9758
6/1/2016,Wednesday,4,5396
6/2/2016,Thursday,5,7027
6/3/2016,Friday,6,9255
6/4/2016,Saturday,7,7945
6/5/2016,Sunday,1,5925
6/6/2016,Monday,2,5950
6/7/2016,Tuesday,3,4969
6/8/2016,Wednesday,4,6537
6/9/2016,Thursday,5,8864
6/10/2016,Friday,6,6861
6/11/2016,Saturday,7,7717
6/12/2016,Sunday,1,5769
6/13/2016,Monday,2,11613
6/14/2016,Tuesday,3,4637
6/15/2016,Wednesday,4,5522
6/16/2016,Thursday,5,10079
6/17/2016,Friday,6,11447
6/18/2016,Saturday,7,6349
6/19/2016,Sunday,1,5922
6/20/2016,Monday,2,8805
6/21/2016,Tuesday,3,7952
6/22/2016,Wednesday,4,7196
6/23/2016,Thursday,5,3770
6/24/2016,Friday,6,6855
6/25/2016,Saturday,7,10337
6/26/2016,Sunday,1,9798
6/27/2016,Monday,2,5669
6/28/2016,Tuesday,3,4692
6/29/2016,Wednesday,4,8530
6/30/2016,Thursday,5,10146
7/1/2016,Friday,6,5373
7/2/2016,Saturday,7,8522
7/3/2016,Sunday,1,10531
7/4/2016,Monday,2,9895
7/5/2016,Tuesday,3,8388
7/6/2016,Wednesday,4,5021
7/7/2016,Thursday,5,4699
7/8/2016,Friday,6,6734
7/9/2016,Saturday,7,10598
7/10/2016,Sunday,1,7092
7/11/2016,Monday,2,12425
7/12/2016,Tuesday,3,10715
7/13/2016,Wednesday,4,3993
7/14/2016,Thursday,5,5109
7/15/2016,Friday,6,10519
7/16/2016,Saturday,7,7297
7/17/2016,Sunday,1,12147
7/18/2016,Monday,2,10442
7/19/2016,Tuesday,3,12863
7/20/2016,Wednesday,4,7468
7/21/2016,Thursday,5,8205
7/22/2016,Friday,6,5492
7/23/2016,Saturday,7,11165
7/24/2016,Sunday,1,8373
7/25/2016,Monday,2,5663
7/26/2016,Tuesday,3,10101
7/27/2016,Wednesday,4,3885
7/28/2016,Thursday,5,6282
7/29/2016,Friday,6,6758
7/30/2016,Saturday,7,5991
7/31/2016,Sunday,1,7493
8/1/2016,Monday,2,3744
8/2/2016,Tuesday,3,6855
8/3/2016,Wednesday,4,2262
8/4/2016,Thursday,5,3164
8/5/2016,Friday,6,7314
8/6/2016,Saturday,7,5558
8/7/2016,Sunday,1,4790
8/8/2016,Monday,2,3010
8/9/2016,Tuesday,3,3553
8/10/2016,Wednesday,4,8788
8/11/2016,Thursday,5,11331
8/12/2016,Friday,6,9637
8/13/2016,Saturday,7,10899
8/14/2016,Sunday,1,8959
8/15/2016,Monday,2,7075
8/16/2016,Tuesday,3,9710
8/17/2016,Wednesday,4,4619
8/18/2016,Thursday,5,5749
8/19/2016,Friday,6,5405
8/20/2016,Saturday,7,8018
8/21/2016,Sunday,1,12208
8/22/2016,Monday,2,6036
8/23/2016,Tuesday,3,5996
8/24/2016,Wednesday,4,7319
8/25/2016,Thursday,5,5072
8/26/2016,Friday,6,5700
8/27/2016,Saturday,7,6930
8/28/2016,Sunday,1,12461
8/29/2016,Monday,2,8216
8/30/2016,Tuesday,3,10336
8/31/2016,Wednesday,4,10717
9/1/2016,Thursday,5,9405
9/2/2016,Friday,6,7377
9/3/2016,Saturday,7,10058
9/4/2016,Sunday,1,6878
9/5/2016,Monday,2,4131
9/6/2016,Tuesday,3,8660
9/7/2016,Wednesday,4,7641
9/8/2016,Thursday,5,7434
9/9/2016,Friday,6,5545
9/10/2016,Saturday,7,5457
9/11/2016,Sunday,1,10110
9/12/2016,Monday,2,8143
9/13/2016,Tuesday,3,8690
9/14/2016,Wednesday,4,5316
9/15/2016,Thursday,5,5204
9/16/2016,Friday,6,6693
9/17/2016,Saturday,7,7127
9/18/2016,Sunday,1,7600
9/19/2016,Monday,2,4277
9/20/2016,Tuesday,3,5415
9/21/2016,Wednesday,4,8202
9/22/2016,Thursday,5,6752
9/23/2016,Friday,6,9228
9/24/2016,Saturday,7,8153
9/25/2016,Sunday,1,4556
9/26/2016,Monday,2,7212
9/27/2016,Tuesday,3,8027
9/28/2016,Wednesday,4,4788
9/29/2016,Thursday,5,5763
9/30/2016,Friday,6,7130
10/1/2016,Saturday,7,8463
10/2/2016,Sunday,1,9839
10/3/2016,Monday,2,6618
10/4/2016,Tuesday,3,7806
10/5/2016,Wednesday,4,14361
10/6/2016,Thursday,5,5968
10/7/2016,Friday,6,5970
10/8/2016,Saturday,7,6065
10/9/2016,Sunday,1,5849
10/10/2016,Monday,2,4603
10/11/2016,Tuesday,3,6574
10/12/2016,Wednesday,4,8458
10/13/2016,Thursday,5,6589
10/14/2016,Friday,6,6749
10/15/2016,Saturday,7,6041
10/16/2016,Sunday,1,6235
10/17/2016,Monday,2,9051
10/18/2016,Tuesday,3,7361
10/19/2016,Wednesday,4,7217
10/20/2016,Thursday,5,9239
10/21/2016,Friday,6,10104
10/22/2016,Saturday,7,5188
10/23/2016,Sunday,1,9613
10/24/2016,Monday,2,13895
10/25/2016,Tuesday,3,15369
10/26/2016,Wednesday,4,13774
10/27/2016,Thursday,5,10083
10/28/2016,Friday,6,6762
10/29/2016,Saturday,7,8898
10/30/2016,Sunday,1,7374
10/31/2016,Monday,2,6672
11/1/2016,Tuesday,3,10758
11/2/2016,Wednesday,4,8821
11/3/2016,Thursday,5,4991
11/4/2016,Friday,6,8419
11/5/2016,Saturday,7,8536
11/6/2016,Sunday,1,4716
11/7/2016,Monday,2,8026
11/8/2016,Tuesday,3,6281
11/9/2016,Wednesday,4,9266
11/10/2016,Thursday,5,10148
11/11/2016,Friday,6,6088
11/12/2016,Saturday,7,18540
11/13/2016,Sunday,1,17745
11/14/2016,Monday,2,8110
11/15/2016,Tuesday,3,6101
11/16/2016,Wednesday,4,5862
11/17/2016,Thursday,5,7409
11/18/2016,Friday,6,6050
11/19/2016,Saturday,7,6364
11/20/2016,Sunday,1,3610
11/21/2016,Monday,2,8185
11/22/2016,Tuesday,3,5043
11/23/2016,Wednesday,4,12043
11/24/2016,Thursday,5,8014
11/25/2016,Friday,6,13303
11/26/2016,Saturday,7,7076
11/27/2016,Sunday,1,4506
11/28/2016,Monday,2,7300
11/29/2016,Tuesday,3,8804
11/30/2016,Wednesday,4,8129
12/1/2016,Thursday,5,8298
12/2/2016,Friday,6,9036
12/3/2016,Saturday,7,8094
12/4/2016,Sunday,1,5053
12/5/2016,Monday,2,5460
12/6/2016,Tuesday,3,7002
12/7/2016,Wednesday,4,6798
12/8/2016,Thursday,5,5085
12/9/2016,Friday,6,4075
12/10/2016,Saturday,7,6162
12/11/2016,Sunday,1,4529
12/12/2016,Monday,2,12963
12/13/2016,Tuesday,3,4864
12/14/2016,Wednesday,4,4410
12/15/2016,Thursday,5,10288
12/16/2016,Friday,6,12423
12/17/2016,Saturday,7,8048
12/18/2016,Sunday,1,9128
12/19/2016,Monday,2,8814
12/20/2016,Tuesday,3,8885
12/21/2016,Wednesday,4,8732
12/22/2016,Thursday,5,3929
12/23/2016,Friday,6,3834
12/24/2016,Saturday,7,9547
12/25/2016,Sunday,1,9209
12/26/2016,Monday,2,7147
12/27/2016,Tuesday,3,9281
12/28/2016,Wednesday,4,10146
12/29/2016,Thursday,5,8469
12/30/2016,Friday,6,11157
12/31/2016,Saturday,7,8652
1/1/2017,Sunday,1,7016
1/2/2017,Monday,2,3632
1/3/2017,Tuesday,3,7385
1/4/2017,Wednesday,4,9478
1/5/2017,Thursday,5,9866
1/6/2017,Friday,6,4747
1/7/2017,Saturday,7,8037
1/8/2017,Sunday,1,5961
1/9/2017,Monday,2,10510
1/10/2017,Tuesday,3,10642
1/11/2017,Wednesday,4,8662
1/12/2017,Thursday,5,4333
1/13/2017,Friday,6,6305
1/14/2017,Saturday,7,4839
1/15/2017,Sunday,1,3324
1/16/2017,Monday,2,4074
1/17/2017,Tuesday,3,10321
1/18/2017,Wednesday,4,6249
1/19/2017,Thursday,5,7949
1/20/2017,Friday,6,8295
1/21/2017,Saturday,7,5842
1/22/2017,Sunday,1,3742
1/23/2017,Monday,2,6148
1/24/2017,Tuesday,3,5972
1/25/2017,Wednesday,4,6672
1/26/2017,Thursday,5,5340
1/27/2017,Friday,6,6282
1/28/2017,Saturday,7,5164
1/29/2017,Sunday,1,5414
1/30/2017,Monday,2,7891
1/31/2017,Tuesday,3,7057
2/1/2017,Wednesday,4,7323
2/2/2017,Thursday,5,7871
2/3/2017,Friday,6,10072
2/4/2017,Saturday,7,3961
2/5/2017,Sunday,1,7515
2/6/2017,Monday,2,6919
2/7/2017,Tuesday,3,4572
2/8/2017,Wednesday,4,5954
2/9/2017,Thursday,5,6839
2/10/2017,Friday,6,7095
2/11/2017,Saturday,7,8194
2/12/2017,Sunday,1,10560
2/13/2017,Monday,2,8907
2/14/2017,Tuesday,3,9070
2/15/2017,Wednesday,4,1118
2/16/2017,Thursday,5,10504
2/17/2017,Friday,6,6023
2/18/2017,Saturday,7,10865
2/19/2017,Sunday,1,6941
2/20/2017,Monday,2,12789
2/21/2017,Tuesday,3,4294
2/22/2017,Wednesday,4,14796
2/23/2017,Thursday,5,8494
2/24/2017,Friday,6,17069
2/25/2017,Saturday,7,11919
2/26/2017,Sunday,1,9462
2/27/2017,Monday,2,5126
2/28/2017,Tuesday,3,7027
3/1/2017,Wednesday,4,6850
3/2/2017,Thursday,5,9054
3/3/2017,Friday,6,5326
3/4/2017,Saturday,7,6837
3/5/2017,Sunday,1,3225
3/6/2017,Monday,2,10099
3/7/2017,Tuesday,3,8989
3/8/2017,Wednesday,4,8185
3/9/2017,Thursday,5,10252
3/10/2017,Friday,6,8406
3/11/2017,Saturday,7,7726
3/12/2017,Sunday,1,7146
3/13/2017,Monday,2,8849
3/14/2017,Tuesday,3,8730
3/15/2017,Wednesday,4,6678
3/16/2017,Thursday,5,8558
3/17/2017,Friday,6,7960
3/18/2017,Saturday,7,8899
3/19/2017,Sunday,1,4256
3/20/2017,Monday,2,11971
3/21/2017,Tuesday,3,5261
3/22/2017,Wednesday,4,5883
3/23/2017,Thursday,5,9471
3/24/2017,Friday,6,6512
3/25/2017,Saturday,7,10140
3/26/2017,Sunday,1,3152
3/27/2017,Monday,2,5452
3/28/2017,Tuesday,3,6676
3/29/2017,Wednesday,4,6229
3/30/2017,Thursday,5,4402
3/31/2017,Friday,6,6231
4/1/2017,Saturday,7,5273
4/2/2017,Sunday,1,4568
4/3/2017,Monday,2,4461
4/4/2017,Tuesday,3,16623
4/5/2017,Wednesday,4,10954
4/6/2017,Thursday,5,11704
4/7/2017,Friday,6,6680
4/8/2017,Saturday,7,8650
4/9/2017,Sunday,1,8133
4/10/2017,Monday,2,7119
4/11/2017,Tuesday,3,12850
4/12/2017,Wednesday,4,7739
4/13/2017,Thursday,5,9804
4/14/2017,Friday,6,6476
4/15/2017,Saturday,7,4958
4/16/2017,Sunday,1,6514
4/17/2017,Monday,2,7474
4/18/2017,Tuesday,3,10306
4/19/2017,Wednesday,4,6625
4/20/2017,Thursday,5,8535
4/21/2017,Friday,6,9276
4/22/2017,Saturday,7,6614
4/23/2017,Sunday,1,3508
4/24/2017,Monday,2,6328
4/25/2017,Tuesday,3,10026
4/26/2017,Wednesday,4,4434
4/27/2017,Thursday,5,6845
4/28/2017,Friday,6,8590
4/29/2017,Saturday,7,4933
4/30/2017,Sunday,1,5776
5/1/2017,Monday,2,11041
5/2/2017,Tuesday,3,8485
5/3/2017,Wednesday,4,5990
5/4/2017,Thursday,5,4282
5/5/2017,Friday,6,5741
5/6/2017,Saturday,7,7958
5/7/2017,Sunday,1,8635
5/8/2017,Monday,2,11003
5/9/2017,Tuesday,3,9208
5/10/2017,Wednesday,4,5515
5/11/2017,Thursday,5,7099
5/12/2017,Friday,6,7881
5/13/2017,Saturday,7,5068
5/14/2017,Sunday,1,3415
5/15/2017,Monday,2,10210
5/16/2017,Tuesday,3,4836
5/17/2017,Wednesday,4,3579
5/18/2017,Thursday,5,13103
5/19/2017,Friday,6,13679
5/20/2017,Saturday,7,6954
5/21/2017,Sunday,1,7688
5/22/2017,Monday,2,6653
5/23/2017,Tuesday,3,7594
5/24/2017,Wednesday,4,7710
5/25/2017,Thursday,5,5687
5/26/2017,Friday,6,5878
5/27/2017,Saturday,7,10399
5/28/2017,Sunday,1,5287
5/29/2017,Monday,2,7793
5/30/2017,Tuesday,3,7118
5/31/2017,Wednesday,4,10208
6/1/2017,Thursday,5,10509
6/2/2017,Friday,6,9409
6/3/2017,Saturday,7,5315
6/4/2017,Sunday,1,11255
6/5/2017,Monday,2,11379
6/6/2017,Tuesday,3,5923
6/7/2017,Wednesday,4,4716
6/8/2017,Thursday,5,5773
6/9/2017,Friday,6,6868
6/10/2017,Saturday,7,5304
6/11/2017,Sunday,1,3143
6/12/2017,Monday,2,5884
6/13/2017,Tuesday,3,10216
6/14/2017,Wednesday,4,8110
6/15/2017,Thursday,5,9041
6/16/2017,Friday,6,10128
6/17/2017,Saturday,7,8521
6/18/2017,Sunday,1,6062
6/19/2017,Monday,2,8564
6/20/2017,Tuesday,3,10770
6/21/2017,Wednesday,4,8595
6/22/2017,Thursday,5,8092
6/23/2017,Friday,6,8867
6/24/2017,Saturday,7,5849
6/25/2017,Sunday,1,8300
6/26/2017,Monday,2,7030
6/27/2017,Tuesday,3,4251
6/28/2017,Wednesday,4,3402
6/29/2017,Thursday,5,9137
6/30/2017,Friday,6,6082
7/1/2017,Saturday,7,5827
7/2/2017,Sunday,1,3820
7/3/2017,Monday,2,4345
7/4/2017,Tuesday,3,12762
7/5/2017,Wednesday,4,7293
7/6/2017,Thursday,5,6991
7/7/2017,Friday,6,7767
7/8/2017,Saturday,7,5623
7/9/2017,Sunday,1,5683
7/10/2017,Monday,2,6430
7/11/2017,Tuesday,3,8024
7/12/2017,Wednesday,4,4074
7/13/2017,Thursday,5,5807
7/14/2017,Friday,6,10643
7/15/2017,Saturday,7,10391
7/16/2017,Sunday,1,7557
7/17/2017,Monday,2,7530
7/18/2017,Tuesday,3,12815
7/19/2017,Wednesday,4,7560
7/20/2017,Thursday,5,13464
7/21/2017,Friday,6,9033
7/22/2017,Saturday,7,5792
7/23/2017,Sunday,1,10422
7/24/2017,Monday,2,15174
7/25/2017,Tuesday,3,10217
7/26/2017,Wednesday,4,10690
7/27/2017,Thursday,5,8922
7/28/2017,Friday,6,5879
7/29/2017,Saturday,7,5068
7/30/2017,Sunday,1,10091
7/31/2017,Monday,2,10368
8/1/2017,Tuesday,3,5231
8/2/2017,Wednesday,4,8302
8/3/2017,Thursday,5,8376
8/4/2017,Friday,6,10180
8/5/2017,Saturday,7,8897
8/6/2017,Sunday,1,4883
8/7/2017,Monday,2,8111
8/8/2017,Tuesday,3,11136
8/9/2017,Wednesday,4,10103
8/10/2017,Thursday,5,8831
8/11/2017,Friday,6,4982
8/12/2017,Saturday,7,7658
8/13/2017,Sunday,1,4935
8/14/2017,Monday,2,8798
8/15/2017,Tuesday,3,8473
8/16/2017,Wednesday,4,3295
8/17/2017,Thursday,5,8143
8/18/2017,Friday,6,10178
8/19/2017,Saturday,7,6062
8/20/2017,Sunday,1,8252
8/21/2017,Monday,2,7856
8/22/2017,Tuesday,3,9191
8/23/2017,Wednesday,4,6989
8/24/2017,Thursday,5,8051
8/25/2017,Friday,6,8708
8/26/2017,Saturday,7,10386
8/27/2017,Sunday,1,11604
8/28/2017,Monday,2,10323
8/29/2017,Tuesday,3,11612
8/30/2017,Wednesday,4,5467
8/31/2017,Thursday,5,8028
9/1/2017,Friday,6,10062
9/2/2017,Saturday,7,8726
9/3/2017,Sunday,1,6297
9/4/2017,Monday,2,5250
9/5/2017,Tuesday,3,9605
9/6/2017,Wednesday,4,7513
9/7/2017,Thursday,5,8516
9/8/2017,Friday,6,12396
9/9/2017,Saturday,7,7831
9/10/2017,Sunday,1,4861
9/11/2017,Monday,2,10053
9/12/2017,Tuesday,3,6974
9/13/2017,Wednesday,4,4226
9/14/2017,Thursday,5,5145
9/15/2017,Friday,6,7339
9/16/2017,Saturday,7,10868
9/17/2017,Sunday,1,4637
9/18/2017,Monday,2,6145
9/19/2017,Tuesday,3,11163
9/20/2017,Wednesday,4,7583
9/21/2017,Thursday,5,7173
9/22/2017,Friday,6,6825
9/23/2017,Saturday,7,6635
9/24/2017,Sunday,1,6051
9/25/2017,Monday,2,10156
9/26/2017,Tuesday,3,9142
9/27/2017,Wednesday,4,4663
9/28/2017,Thursday,5,6089
9/29/2017,Friday,6,6536
9/30/2017,Saturday,7,6503
10/1/2017,Sunday,1,5563
10/2/2017,Monday,2,7933
10/3/2017,Tuesday,3,7924
10/4/2017,Wednesday,4,5554
10/5/2017,Thursday,5,13752
10/6/2017,Friday,6,10150
10/7/2017,Saturday,7,11775
10/8/2017,Sunday,1,6620
10/9/2017,Monday,2,8175
10/10/2017,Tuesday,3,8046
10/11/2017,Wednesday,4,6526
10/12/2017,Thursday,5,5405
10/13/2017,Friday,6,8583
10/14/2017,Saturday,7,4689
10/15/2017,Sunday,1,4830
10/16/2017,Monday,2,6971
10/17/2017,Tuesday,3,7553
10/18/2017,Wednesday,4,11746
10/19/2017,Thursday,5,3658
10/20/2017,Friday,6,8096
10/21/2017,Saturday,7,7121
10/22/2017,Sunday,1,10829
10/23/2017,Monday,2,7768
10/24/2017,Tuesday,3,7899
10/25/2017,Wednesday,4,8226
10/26/2017,Thursday,5,8817
10/27/2017,Friday,6,4100
10/28/2017,Saturday,7,10464
10/29/2017,Sunday,1,7871
10/30/2017,Monday,2,4897
10/31/2017,Tuesday,3,8514
11/1/2017,Wednesday,4,5532
11/2/2017,Thursday,5,4700
11/3/2017,Friday,6,6512
11/4/2017,Saturday,7,10043
11/5/2017,Sunday,1,5333
11/6/2017,Monday,2,6104
11/7/2017,Tuesday,3,7053
11/8/2017,Wednesday,4,8127
11/9/2017,Thursday,5,7714
11/10/2017,Friday,6,3862
11/11/2017,Saturday,7,8251
11/12/2017,Sunday,1,5114
11/13/2017,Monday,2,7988
11/14/2017,Tuesday,3,5061
11/15/2017,Wednesday,4,6693
11/16/2017,Thursday,5,5619
11/17/2017,Friday,6,8171
11/18/2017,Saturday,7,8981
11/19/2017,Sunday,1,3973
11/20/2017,Monday,2,7001
11/21/2017,Tuesday,3,8074
11/22/2017,Wednesday,4,10328
11/23/2017,Thursday,5,5066
11/24/2017,Friday,6,4616
11/25/2017,Saturday,7,5552
11/26/2017,Sunday,1,10916
11/27/2017,Monday,2,8976
11/28/2017,Tuesday,3,7859
11/29/2017,Wednesday,4,9209
11/30/2017,Thursday,5,6526
12/1/2017,Friday,6,7983
12/2/2017,Saturday,7,13028
12/3/2017,Sunday,1,4941
12/4/2017,Monday,2,6176
12/5/2017,Tuesday,3,7191
12/6/2017,Wednesday,4,6597
12/7/2017,Thursday,5,7778
12/8/2017,Friday,6,9031
12/9/2017,Saturday,7,5117
12/10/2017,Sunday,1,1891
12/11/2017,Monday,2,5444
12/12/2017,Tuesday,3,7647
12/13/2017,Wednesday,4,6220
12/14/2017,Thursday,5,4668
12/15/2017,Friday,6,5467
12/16/2017,Saturday,7,6006
12/17/2017,Sunday,1,11476
12/18/2017,Monday,2,5841
12/19/2017,Tuesday,3,10904
12/20/2017,Wednesday,4,2107
12/21/2017,Thursday,5,13152
12/22/2017,Friday,6,10721
12/23/2017,Saturday,7,11247
12/24/2017,Sunday,1,7331
12/25/2017,Monday,2,11378
12/26/2017,Tuesday,3,9410
12/27/2017,Wednesday,4,9547
12/28/2017,Thursday,5,15504
12/29/2017,Friday,6,3756
12/30/2017,Saturday,7,6037
12/31/2017,Sunday,1,4087
1/1/2018,Monday,2,8894
1/2/2018,Tuesday,3,10059
1/3/2018,Wednesday,4,6951
1/4/2018,Thursday,5,7925
1/5/2018,Friday,6,10097
1/6/2018,Saturday,7,4926
1/7/2018,Sunday,1,4976
1/8/2018,Monday,2,7473
1/9/2018,Tuesday,3,8405
1/10/2018,Wednesday,4,5308
1/11/2018,Thursday,5,8438
1/12/2018,Friday,6,4436
1/13/2018,Saturday,7,5071
1/14/2018,Sunday,1,8331
1/15/2018,Monday,2,8492
1/16/2018,Tuesday,3,6773
1/17/2018,Wednesday,4,7115
1/18/2018,Thursday,5,5247
1/19/2018,Friday,6,10723
1/20/2018,Saturday,7,4927
1/21/2018,Sunday,1,8520
1/22/2018,Monday,2,6911
1/23/2018,Tuesday,3,7792
1/24/2018,Wednesday,4,5407
1/25/2018,Thursday,5,7771
1/26/2018,Friday,6,11052
1/27/2018,Saturday,7,13101
1/28/2018,Sunday,1,3290
1/29/2018,Monday,2,7355
1/30/2018,Tuesday,3,13334
1/31/2018,Wednesday,4,11462
2/1/2018,Thursday,5,7869
2/2/2018,Friday,6,11136
2/3/2018,Saturday,7,6389
2/4/2018,Sunday,1,12373
2/5/2018,Monday,2,8851
2/6/2018,Tuesday,3,10391
2/7/2018,Wednesday,4,11844
2/8/2018,Thursday,5,9386
2/9/2018,Friday,6,8724
2/10/2018,Saturday,7,11457
2/11/2018,Sunday,1,4600
2/12/2018,Monday,2,4676
2/13/2018,Tuesday,3,5299
2/14/2018,Wednesday,4,10294
2/15/2018,Thursday,5,5687
2/16/2018,Friday,6,3565
2/17/2018,Saturday,7,6854
2/18/2018,Sunday,1,9539
2/19/2018,Monday,2,9217
2/20/2018,Tuesday,3,8507
2/21/2018,Wednesday,4,9705
2/22/2018,Thursday,5,7633
2/23/2018,Friday,6,7800
2/24/2018,Saturday,7,5050
2/25/2018,Sunday,1,4938
2/26/2018,Monday,2,7908
2/27/2018,Tuesday,3,9275
2/28/2018,Wednesday,4,5771
3/1/2018,Thursday,5,8021
3/2/2018,Friday,6,10102
3/3/2018,Saturday,7,4805
3/4/2018,Sunday,1,13365
3/5/2018,Monday,2,7868
3/6/2018,Tuesday,3,8349
3/7/2018,Wednesday,4,10335
3/8/2018,Thursday,5,5774
3/9/2018,Friday,6,8533
3/10/2018,Saturday,7,3448
3/11/2018,Sunday,1,4517
3/12/2018,Monday,2,6213
3/13/2018,Tuesday,3,5921
3/14/2018,Wednesday,4,7427
3/15/2018,Thursday,5,5265
3/16/2018,Friday,6,7349
3/17/2018,Saturday,7,6438
3/18/2018,Sunday,1,6291
3/19/2018,Monday,2,8893
3/20/2018,Tuesday,3,9787
3/21/2018,Wednesday,4,7083
3/22/2018,Thursday,5,10506
3/23/2018,Friday,6,10537
3/24/2018,Saturday,7,6296
3/25/2018,Sunday,1,5294
3/26/2018,Monday,2,6290
3/27/2018,Tuesday,3,7318
3/28/2018,Wednesday,4,7003
3/29/2018,Thursday,5,5838
3/30/2018,Friday,6,6500
3/31/2018,Saturday,7,7885
4/1/2018,Sunday,1,10110
4/2/2018,Monday,2,6691
4/3/2018,Tuesday,3,5113
4/4/2018,Wednesday,4,4933
4/5/2018,Thursday,5,4286
4/6/2018,Friday,6,8599
4/7/2018,Saturday,7,6062
4/8/2018,Sunday,1,6660
4/9/2018,Monday,2,11488
4/10/2018,Tuesday,3,8621
4/11/2018,Wednesday,4,8376
4/12/2018,Thursday,5,6307
4/13/2018,Friday,6,10565
4/14/2018,Saturday,7,7299
4/15/2018,Sunday,1,6479
4/16/2018,Monday,2,10435
4/17/2018,Tuesday,3,22866
4/18/2018,Wednesday,4,9116
4/19/2018,Thursday,5,7256
4/20/2018,Friday,6,5301
4/21/2018,Saturday,7,6948
4/22/2018,Sunday,1,8622
4/23/2018,Monday,2,6107
4/24/2018,Tuesday,3,7747
4/25/2018,Wednesday,4,10051
4/26/2018,Thursday,5,12052
4/27/2018,Friday,6,6722
4/28/2018,Saturday,7,5891
4/29/2018,Sunday,1,9546
4/30/2018,Monday,2,8612
5/1/2018,Tuesday,3,5519
5/2/2018,Wednesday,4,8847
5/3/2018,Thursday,5,9494
5/4/2018,Friday,6,6069
5/5/2018,Saturday,7,7192
5/6/2018,Sunday,1,5966
5/7/2018,Monday,2,5738
5/8/2018,Tuesday,3,4790
5/9/2018,Wednesday,4,4855
5/10/2018,Thursday,5,10138
5/11/2018,Friday,6,6205
5/12/2018,Saturday,7,8073
5/13/2018,Sunday,1,5668
5/14/2018,Monday,2,7927
5/15/2018,Tuesday,3,6876
5/16/2018,Wednesday,4,7391
5/17/2018,Thursday,5,5316
5/18/2018,Friday,6,10386
5/19/2018,Saturday,7,11328
5/20/2018,Sunday,1,8176
5/21/2018,Monday,2,5574
5/22/2018,Tuesday,3,6508
5/23/2018,Wednesday,4,10715
5/24/2018,Thursday,5,6467
5/25/2018,Friday,6,7229
5/26/2018,Saturday,7,6327
5/27/2018,Sunday,1,10901
5/28/2018,Monday,2,4944
5/29/2018,Tuesday,3,6651
5/30/2018,Wednesday,4,6244
5/31/2018,Thursday,5,5493